claim_id,claim_text,status,source_files,source_scripts,target_figure_or_table,risk_level,main_or_appendix
C001,Benchmark contains 21366 experiments (updated 2026-04-16 from on-disk count),supported,results/tier1_benchmark/;results/tier2_benchmark/;results/tier3_benchmark/;results/tier4_benchmark/,run_full_benchmark.py,narrative,high,main
C002,Benchmark spans 6 function families,supported,results/tier2_benchmark/;results/tier3_benchmark/,run_full_benchmark.py,tab:grid,high,main
C003,Benchmark spans 7 dimensions (1/2/5/10/20/50/100),supported,results/tier1_benchmark/;results/tier2_benchmark/;results/tier3_benchmark/,run_full_benchmark.py,tab:grid,medium,main
C004,Benchmark spans 6 sample sizes (256--8K),supported,results/tier2_benchmark/;results/tier3_benchmark/,run_full_benchmark.py,tab:grid,medium,main
C005,Benchmark spans 5 noise levels (0 to 0.5),supported,results/tier2_benchmark/;results/tier3_benchmark/,run_full_benchmark.py,tab:grid,medium,main
C006,11 training methods constructed from 3 label paradigms x 4 balancing strategies,supported,results/unified_comparison/multi_seed/,experiments/unified_comparison/run_unified_experiment.py,tab:methods,high,main
C007,Warmup(Fuzzy) ranks #1 overall with mean rank 1.8/11,supported,results/unified_comparison/multi_seed/,experiments/unified_comparison/run_unified_experiment.py,tab:ranking,high,main
C008,Pathwise methods rank 7--10 on discontinuous payoffs,supported,results/unified_comparison/multi_seed/,experiments/unified_comparison/run_unified_experiment.py,tab:ranking,high,main
C009,Fuzzy methods incur <2% value penalty on discontinuous payoffs,supported,results/unified_comparison/multi_seed/,experiments/unified_comparison/run_unified_experiment.py,tab:ranking,high,main
C010,Pathwise methods degrade value by 117--562% on discontinuous payoffs,supported,results/unified_comparison/multi_seed/,experiments/unified_comparison/run_unified_experiment.py,tab:ranking,high,main
C011,Fixed lambda=1.0 outperforms adaptive balancing in controlled setting,supported,results/unified_comparison/multi_seed/;results/tier2_benchmark/,run_full_benchmark.py,narrative,high,main
C012,Noise crossover threshold mean 0.085 range [0.03--0.21],supported,results/gradient_noise_sweep/,scripts/noise_sweep launcher,tab:noise,medium,main
C013,Tier 1 has 1081 experiments,supported,results/tier1_benchmark/,run_full_benchmark.py --tier 1,tab:matrix,low,main
C014,Tier 2 has 6376 experiments,supported,results/tier2_benchmark/,run_full_benchmark.py --tier 2,tab:matrix,low,main
C015,Tier 3 has 9566 experiments,partial,results/tier3_benchmark/,run_full_benchmark.py --tier 3,tab:matrix,high,main
C016,Tier 4 has 721 experiments,partial,results/tier4_benchmark/,run_full_benchmark.py --tier 4,tab:matrix,high,main
C017,Core benchmark total of 17744 experiments across Tiers 1--4,partial,results/tier1_benchmark/;results/tier2_benchmark/;results/tier3_benchmark/;results/tier4_benchmark/,run_full_benchmark.py,tab:matrix,high,main
C018,Unified comparison uses 5 discontinuous-payoff datasets,supported,results/unified_comparison/multi_seed/,experiments/unified_comparison/run_unified_experiment.py,tab:matrix,medium,main
C019,SPY options study has 680 experiments (temporal+CV),supported,results/spy_options_temporal/;results/spy_options_purged_cv/,experiments/real_data_spy/run_spy_temporal.py;experiments/real_data_spy/run_spy_purged_cv.py,tab:matrix,high,main
C020,Ablations and diagnostics total 1976 experiments,supported,results/compute_matched_controls/;results/lambda_j_ablation/;results/warmup_experiments/;results/revision/,scripts/run_revision_experiments.py,tab:matrix,low,main
C021,Warmup(Fuzzy) achieves 1.04x gradient on barrier_bs (NOT 50.2x; regenerated 2026-04-16 from current JSONs),supported,results/unified_comparison/multi_seed/,experiments/unified_comparison/run_unified_experiment.py,tab:unified_summary,high,main
C022,Warmup(LRM) achieves 6.1x gradient improvement on barrier_bs with +2.2% penalty,supported,results/unified_comparison/multi_seed/,experiments/unified_comparison/run_unified_experiment.py,narrative,medium,main
C023,Pathwise DML fixed lambda degrades value by +256% on barrier_bs,supported,results/unified_comparison/multi_seed/,experiments/unified_comparison/run_unified_experiment.py,fig:tradeoff,high,main
C024,Kendall tau between value-MSE and gradient-MSE rankings is 0.67,supported,results/unified_comparison/multi_seed/,experiments/unified_comparison/run_unified_experiment.py,narrative,medium,main
C025,Only Vanilla and Warmup(Fuzzy) are non-dominated on value-vs-gradient Pareto frontier,supported,results/unified_comparison/multi_seed/,experiments/unified_comparison/run_unified_experiment.py,narrative,medium,main
C026,Fuzzy smoothing is robust to epsilon over 10x range (0.1--1.0),supported,results/fuzzy_sensitivity.json,scripts/run_fuzzy_sensitivity.py,tab:fuzzy_sens,low,main
C027,Warmup value penalty ranges -1.5% to +2.6% across all labels,supported,results/unified_comparison/multi_seed/,experiments/unified_comparison/run_unified_experiment.py,narrative,medium,main
C028,DML fixed lambda value penalty ranges +0.1% to +256%,supported,results/unified_comparison/multi_seed/,experiments/unified_comparison/run_unified_experiment.py,narrative,medium,main
C029,Compute-matched vanilla with 500-epoch budget achieves 0% gradient improvement,supported,results/compute_matched_controls/,scripts/run_revision_experiments.py,tab:controls,medium,main
C030,DML wins in 72% (125/174) of smooth-function configs at noise=0 lambda=1.0,partial,results/tier2_benchmark/;results/tier3_benchmark/,run_full_benchmark.py,narrative,high,main
C031,Bachelier win rate 36/36 (100%) with +88.4% mean advantage,partial,results/tier2_benchmark/;results/tier3_benchmark/,run_full_benchmark.py,narrative,high,main
C032,Black-scholes win rate 6/6 (100%) with +89.3% mean advantage,partial,results/tier2_benchmark/;results/tier3_benchmark/,run_full_benchmark.py,narrative,high,main
C033,Poly_trig win rate 42/42 (100%) with +78.8% mean advantage,partial,results/tier2_benchmark/;results/tier3_benchmark/,run_full_benchmark.py,narrative,high,main
C034,Trig win rate 41/42 (97.6%) with +38.2% mean advantage,partial,results/tier2_benchmark/;results/tier3_benchmark/,run_full_benchmark.py,narrative,medium,main
C035,Step win rate 0/42 (0%) with -945% mean advantage,partial,results/tier2_benchmark/;results/tier3_benchmark/,run_full_benchmark.py,narrative,high,main
C036,Heston win rate 0/6 (0%) with -198% mean advantage,partial,results/tier2_benchmark/;results/tier3_benchmark/,run_full_benchmark.py,narrative,high,main
C037,DML wins in 112/174 (64.4%) of configs overall (best of fixed/gradnorm/relobralo),partial,results/tier2_benchmark/;results/tier3_benchmark/,run_full_benchmark.py,fig:winrate,high,main
C038,Smooth functions tolerate extreme noise (poly_trig sigma>5),supported,results/gradient_noise_sweep/,scripts/noise_sweep launcher,tab:noise,medium,main
C039,Trig crosses over near sigma approx 0.5,supported,results/gradient_noise_sweep/,scripts/noise_sweep launcher,tab:noise,medium,main
C040,dml_fixed mean rank 1.0 win rate 39.1% in controlled benchmark,partial,results/tier2_benchmark/;results/tier3_benchmark/,run_full_benchmark.py,narrative,high,main
C041,vanilla mean rank 2.0 win rate 24.1%,partial,results/tier2_benchmark/;results/tier3_benchmark/,run_full_benchmark.py,narrative,medium,main
C042,gradnorm mean rank 3.0 win rate 21.3%,partial,results/tier2_benchmark/;results/tier3_benchmark/,run_full_benchmark.py,narrative,medium,main
C043,relobralo mean rank 4.0 win rate 15.5%,partial,results/tier2_benchmark/;results/tier3_benchmark/,run_full_benchmark.py,narrative,medium,main
C044,lambda_j formula ablation shows value MSE ratio = 1.000 across all 5 datasets,supported,results/lambda_j_ablation/,scripts/run_revision_experiments.py,tab:lambda_j,medium,main
C045,Classical baseline comparison uses 3405 experiments,supported,results/tier5_extended_baselines/;results/tier2_benchmark/,run_full_benchmark.py,narrative,medium,main
C046,Neural DML beats GP in 58.8% of configurations,supported,results/tier5_extended_baselines/;results/tier2_benchmark/,run_full_benchmark.py,tab:classical,medium,main
C047,Neural DML beats KRR in 97.6% of configurations,supported,results/tier5_extended_baselines/;results/tier2_benchmark/,run_full_benchmark.py,tab:classical,medium,main
C048,Neural DML beats RF in 86.2% of configurations,supported,results/tier5_extended_baselines/;results/tier2_benchmark/,run_full_benchmark.py,tab:classical,medium,main
C049,DML with 256 samples matches vanilla with 4096 samples on poly_trig d=20 (16x gain),partial,results/tier2_benchmark/;results/tier3_benchmark/,run_full_benchmark.py,narrative,medium,main
C050,SPY data: 758 trading days 2020-01 to 2022-12 1.58M contracts,supported,results/spy_options_temporal/,experiments/real_data_spy/run_spy_temporal.py,narrative,low,main
C051,SPY DML fixed lambda achieves -20.7% value MSE and 263x gradient improvement p=0.002 (regenerated 2026-04-16),supported,results/spy_options_temporal/,experiments/real_data_spy/run_spy_experiment.py,tab:spy,high,main
C052,SPY DML ReLoBRaLo achieves -10.5% value and 110x gradient improvement p=0.002 (regenerated 2026-04-16),supported,results/spy_options_temporal/,experiments/real_data_spy/run_spy_experiment.py,tab:spy,medium,main
C053,SPY DML GradNorm achieves -5.7% value and 81x gradient improvement p=0.002 (regenerated 2026-04-16),supported,results/spy_options_temporal/,experiments/real_data_spy/run_spy_experiment.py,tab:spy,medium,main
C054,SPY DML Warmup achieves +1.2% value and 41x gradient improvement p=0.002 (regenerated 2026-04-16),supported,results/spy_options_temporal/,experiments/real_data_spy/run_spy_experiment.py,tab:spy,medium,main
C055,Purged walk-forward CV has 500 experiments across 5 folds,supported,results/spy_options_purged_cv/,experiments/real_data_spy/run_spy_purged_cv.py,narrative,medium,main
C056,Basket d=5 achieves 7.6x value improvement,supported,results/realworld/,realworld launcher,narrative,medium,main
C057,Basket d=20 achieves 15.3x value improvement,supported,results/realworld/,realworld launcher,narrative,medium,main
C058,Basket d=50 achieves 64.0x value improvement,supported,results/realworld/,realworld launcher,narrative,medium,main
C059,Yield curve FRED 8-dim achieves 36.2x value improvement,supported,results/realworld/,realworld launcher,narrative,medium,main
C060,Yield curve fixed lambda 36.2x vs ReLoBRaLo 2.9x,supported,results/realworld/,realworld launcher,narrative,low,main
C061,rMD17 ethanol d=36 DML achieves 10.4x gradient and 7.5x value improvement,partial,results/gnn_md17/,md17 launcher,tab:md17,high,main
C062,rMD17 aspirin d=210 all DML variants degrade,partial,results/gnn_md17/,md17 launcher,tab:md17,medium,main
C063,Burgers 1D nu=0.01 d=2 DML provides +0.2% value and 1.0x gradient,supported,results/burgers_1d_results.json,scripts/run_burgers_experiment.py,narrative,medium,main
C064,Step function pathwise gradient degrades DML by -945% on average,partial,results/tier2_benchmark/;results/tier3_benchmark/,run_full_benchmark.py,narrative,medium,main
C065,Fuzzy smoothing mitigates step discontinuity to 0.9--1.6% penalty on barrier options,supported,results/unified_comparison/multi_seed/,experiments/unified_comparison/run_unified_experiment.py,narrative,medium,main
C066,Heston MC Greeks have sigma_1/sigma_0 approx 50 yielding -198% advantage,partial,results/tier2_benchmark/;results/tier3_benchmark/,run_full_benchmark.py,narrative,medium,main
C067,Real-world data represents about 3% of experiments,supported,results/spy_options_temporal/;results/spy_options_purged_cv/;results/gnn_md17/;results/realworld/,various,narrative,low,main
C068,Total compute ~586 hours on 2x NVIDIA RTX A6000,unsupported,?,?,narrative,low,main
C069,111 pytest tests released,unsupported,?,?,narrative,low,main
C070,Architecture uses 4 hidden layers x 256 units softplus activation,supported,results/tier1_benchmark/;results/tier2_benchmark/,run_full_benchmark.py,narrative,low,main
C071,Adam optimizer lr=5e-3 ReduceLROnPlateau factor=0.5 patience=20,supported,results/tier1_benchmark/;results/tier2_benchmark/,run_full_benchmark.py,narrative,low,main
C072,Early stopping patience 50 on validation total loss,supported,results/tier1_benchmark/;results/tier2_benchmark/,run_full_benchmark.py,narrative,low,main
C073,Warmup uses 250 epochs Phase 1 value-only then 250 epochs with derivatives,supported,results/warmup_experiments/,warmup launcher,narrative,low,main
C074,GradNorm uses separate Adam optimizer lr=0.025 alpha=1.5,supported,results/tier1_benchmark/;results/tier2_benchmark/,run_full_benchmark.py,narrative,low,main
C075,ReLoBRaLo parameters tau=1.0 rho=0.999,supported,results/tier1_benchmark/;results/tier2_benchmark/,run_full_benchmark.py,narrative,low,main
C076,Appendix total 21555 experiments across all directories,supported,results/,various,narrative,medium,appendix
C077,Higher-order DML uses 100 experiments on poly_trig and trig at d in {2/5/10} with 5 seeds,supported,results/higher_order_dml/,higher-order launcher,tab:higherorder,low,appendix
C078,poly_trig d=2 order 3 reaches value MSE 3.42e-09 gradient MSE 8.66e-08,supported,results/higher_order_dml/,higher-order launcher,tab:higherorder,low,appendix
C079,poly_trig d=2 order 3 provides 4600x improvement over vanilla,supported,results/higher_order_dml/,higher-order launcher,narrative,low,appendix
C080,Each additional derivative order incurs 5--10x compute overhead,supported,results/higher_order_dml/,higher-order launcher,narrative,low,appendix
C081,poly_trig d=10 Hessian gives 89x gradient improvement vs vanilla,supported,results/higher_order_dml/,higher-order launcher,tab:higherorder,low,appendix
C082,Higher-order recommended for d<=5 with smooth targets,supported,results/higher_order_dml/,higher-order launcher,narrative,low,appendix
C083,Best per-dataset digital_bs Warmup(LRM) -0.4% value penalty 395.2x gradient,supported,results/unified_comparison/multi_seed/,experiments/unified_comparison/run_unified_experiment.py,tab:unified_summary,medium,appendix
C084,Best per-dataset barrier_bs Warmup(Fuzzy) +0.9% 50.2x gradient,supported,results/unified_comparison/multi_seed/,experiments/unified_comparison/run_unified_experiment.py,tab:unified_summary,medium,appendix
C085,Best per-dataset heston_digital Warmup(Fuzzy) -0.7% 360.0x gradient,supported,results/unified_comparison/multi_seed/,experiments/unified_comparison/run_unified_experiment.py,tab:unified_summary,medium,appendix
C086,Best per-dataset basket d=1 Warmup(LRM) -1.5% 356.1x gradient,supported,results/unified_comparison/multi_seed/,experiments/unified_comparison/run_unified_experiment.py,tab:unified_summary,medium,appendix
C087,Best per-dataset basket d=7 DML fixed(Fuzzy) -1.6% 61.4x gradient,supported,results/unified_comparison/multi_seed/,experiments/unified_comparison/run_unified_experiment.py,tab:unified_summary,medium,appendix
C088,Fuzzy methods mean rank range 1.8--4.6 (ranks 1/2/4),supported,results/unified_comparison/multi_seed/,experiments/unified_comparison/run_unified_experiment.py,tab:unified_best,low,appendix
C089,LRM methods mean rank range 3.4--6.0 (ranks 3/5/6),supported,results/unified_comparison/multi_seed/,experiments/unified_comparison/run_unified_experiment.py,tab:unified_best,low,appendix
C090,Pathwise methods mean rank range 6.4--9.8 (ranks 7--10),supported,results/unified_comparison/multi_seed/,experiments/unified_comparison/run_unified_experiment.py,tab:unified_best,low,appendix
C091,Compute-matched controls use 175 experiments (7 methods x 5 datasets x 5 seeds),supported,results/compute_matched_controls/,scripts/run_revision_experiments.py,tab:controls,low,appendix
C092,digital_bs warmup 68.6x gradient improvement vs vanilla,supported,results/compute_matched_controls/,scripts/run_revision_experiments.py,tab:controls,low,appendix
C093,barrier_bs warmup 22.9x gradient improvement vs vanilla,supported,results/compute_matched_controls/,scripts/run_revision_experiments.py,tab:controls,low,appendix
C094,heston_digital warmup 72.3x gradient improvement vs vanilla,supported,results/compute_matched_controls/,scripts/run_revision_experiments.py,tab:controls,low,appendix
C095,vanilla_no_es produces identical metrics to vanilla (0% delta) across all 5 datasets,supported,results/compute_matched_controls/,scripts/run_revision_experiments.py,tab:controls,medium,appendix
C096,Warmup achieves 1.1--72.3x gradient improvement over vanilla,supported,results/compute_matched_controls/,scripts/run_revision_experiments.py,tab:controls,medium,appendix
C097,lambda_j ablation across 51 experiments on 5 unified comparison datasets,supported,results/lambda_j_ablation/,scripts/run_revision_experiments.py,tab:lambda_j,low,appendix
C098,Fuzzy epsilon sweep on digital_bs uses 50 experiments 5 seeds,supported,results/fuzzy_sensitivity.json,scripts/run_fuzzy_sensitivity.py,tab:fuzzy_sens,low,appendix
C099,Default epsilon_mult=0.5 achieves lowest gradient MSE (4.18e-07),supported,results/fuzzy_sensitivity.json,scripts/run_fuzzy_sensitivity.py,tab:fuzzy_sens,low,appendix
C100,epsilon_mult=2.0 degrades significantly (1.85e-05 gradient MSE),supported,results/fuzzy_sensitivity.json,scripts/run_fuzzy_sensitivity.py,tab:fuzzy_sens,low,appendix
C101,Tier 3 has 320 non-default-lambda experiments out of 9566,partial,results/tier3_benchmark/,run_full_benchmark.py --tier 3,narrative,low,appendix
C102,lambda=10.0 shows +15--40% value penalty on discontinuous functions,partial,results/tier3_benchmark/,run_full_benchmark.py --tier 3,narrative,low,appendix
C103,Extended dimensions d=50 d=100 use tier5 extended benchmark ~160 experiments,supported,results/tier5_extended_baselines/,tier5 extended baselines launcher,tab:highdim,low,appendix
C104,At d=50 DML maintains 13% gradient improvement over vanilla,supported,results/tier5_extended_baselines/,tier5 extended baselines launcher,tab:highdim,medium,appendix
C105,At d=100 DML maintains 11% gradient improvement over vanilla,supported,results/tier5_extended_baselines/,tier5 extended baselines launcher,tab:highdim,medium,appendix
C106,RF gradient predictions fail catastrophically 100--200x worse than vanilla,supported,results/tier5_extended_baselines/,tier5 extended baselines launcher,tab:highdim,low,appendix
C107,Architecture ablation uses 30 experiments (3 archs x 5 seeds) on poly_trig d=10 n=1024,supported,results/tier5_arch_ablation/,arch ablation launcher,tab:arch,low,appendix
C108,Small 2x128 arch DML achieves 222x gradient improvement,supported,results/tier5_arch_ablation/,arch ablation launcher,tab:arch,low,appendix
C109,Default 4x256 arch DML achieves 381x gradient improvement (best),supported,results/tier5_arch_ablation/,arch ablation launcher,tab:arch,medium,appendix
C110,Large 6x512 arch DML achieves 342x gradient improvement,supported,results/tier5_arch_ablation/,arch ablation launcher,tab:arch,low,appendix
C111,Vanilla gradient MSE identical (1.18) across all 3 architectures,supported,results/tier5_arch_ablation/,arch ablation launcher,tab:arch,medium,appendix
C112,Noise crossover sweep uses 170 experiments (2 funcs x 2 dims x 5 seeds x 8 sigmas),supported,results/gradient_noise_sweep/,scripts/noise_sweep launcher,tab:noise,low,appendix
C113,poly_trig d=2 sigma* = 0.056,supported,results/gradient_noise_sweep/,scripts/noise_sweep launcher,narrative,low,appendix
C114,poly_trig d=5 sigma* = 0.205,supported,results/gradient_noise_sweep/,scripts/noise_sweep launcher,narrative,low,appendix
C115,trig d=2 sigma* = 0.130,supported,results/gradient_noise_sweep/,scripts/noise_sweep launcher,narrative,low,appendix
C116,step d=100 sigma* = 0.026,supported,results/gradient_noise_sweep/,scripts/noise_sweep launcher,narrative,low,appendix
C117,Teacher-student study uses 6 configurations (poly_trig d in {2/5/10/50} + bachelier d in {5/10}),supported,results/learned_derivatives/,learned-derivatives launcher,tab:teacher,low,appendix
C118,Teacher DML captures 54--100% of true-DML benefit (mean 87.8%),supported,results/learned_derivatives/,learned-derivatives launcher,tab:teacher,medium,appendix
C119,Teacher-grad cosine similarity drops from 0.999 (d=2) to 0.646 (d=50),supported,results/learned_derivatives/,learned-derivatives launcher,narrative,low,appendix
C120,bachelier d=5 teacher captures 99.8% of DML benefit,supported,results/learned_derivatives/,learned-derivatives launcher,tab:teacher,low,appendix
C121,poly_trig d=10 teacher captures 75.6% of DML benefit,supported,results/learned_derivatives/,learned-derivatives launcher,tab:teacher,low,appendix
C122,poly_trig d=50 teacher captures 53.8% of DML benefit,supported,results/learned_derivatives/,learned-derivatives launcher,tab:teacher,low,appendix
C123,rMD17 ethanol vanilla grad MSE 193.6 DML fixed 18.6,partial,results/gnn_md17/,md17 launcher,tab:md17,high,appendix
C124,rMD17 aspirin all DML variants increase gradient MSE by 12--14%,partial,results/gnn_md17/,md17 launcher,tab:md17,medium,appendix
C125,Classical baselines: GP RBF kernel KRR poly kernel RF 100 trees,supported,results/tier5_extended_baselines/,tier5 extended baselines launcher,narrative,low,appendix
C126,bachelier vs GP win rate 57.3%,supported,results/tier5_extended_baselines/;results/tier2_benchmark/,run_full_benchmark.py,tab:classical,low,appendix
C127,black_scholes vs GP win rate 100%,supported,results/tier5_extended_baselines/;results/tier2_benchmark/,run_full_benchmark.py,tab:classical,low,appendix
C128,heston vs GP win rate 46.7%,supported,results/tier5_extended_baselines/;results/tier2_benchmark/,run_full_benchmark.py,tab:classical,low,appendix
C129,poly_trig vs GP win rate 23.2%,supported,results/tier5_extended_baselines/;results/tier2_benchmark/,run_full_benchmark.py,tab:classical,medium,appendix
C130,step vs GP win rate 86.2%,supported,results/tier5_extended_baselines/;results/tier2_benchmark/,run_full_benchmark.py,tab:classical,low,appendix
C131,trig vs GP win rate 34.8%,supported,results/tier5_extended_baselines/;results/tier2_benchmark/,run_full_benchmark.py,tab:classical,low,appendix
C132,DML beats all three classical baselines simultaneously in 46.1% of configs,supported,results/tier5_extended_baselines/;results/tier2_benchmark/,run_full_benchmark.py,narrative,medium,appendix
C133,GP limited to n<=8000 by O(n^3) scaling,unsupported,?,?,narrative,low,main
C134,LRM variance O(1/sigma) for low-volatility regimes,unsupported,?,?,narrative,low,main
C135,rMD17 ethanol 9 atoms aspirin 21 atoms,supported,results/gnn_md17/,md17 launcher,narrative,low,appendix
C136,Unified comparison total 1155 experiments (550 main + 550 v1 LRM rerun + 55 pilot),supported,results/unified_comparison/multi_seed/;results/unified_comparison/multi_seed_v1_lrm_eval/,experiments/unified_comparison/run_unified_experiment.py,narrative,low,appendix
C137,Higher-order DML 100 experiments total,supported,results/higher_order_dml/,higher-order launcher,narrative,low,appendix
C138,realworld (basket/yield/MD17) 141 experiments,supported,results/realworld/,realworld launcher,narrative,low,appendix
C139,learned_derivatives 6 experiments,supported,results/learned_derivatives/,learned-derivatives launcher,narrative,low,appendix
C140,gnn_md17 20 experiments,partial,results/gnn_md17/,md17 launcher,narrative,low,appendix
C141,gradient_noise_sweep 180 experiments,supported,results/gradient_noise_sweep/,scripts/noise_sweep launcher,narrative,low,appendix
C142,lrm_comparison 920 experiments,supported,results/lrm_comparison/,experiments/lrm_comparison/run_lrm_eval.py,narrative,low,appendix
C143,spy_options (original + temporal) 180 experiments,supported,results/spy_options/;results/spy_options_temporal/,experiments/real_data_spy/run_spy_temporal.py,narrative,low,appendix
C144,spy_options_purged_cv 500 experiments,supported,results/spy_options_purged_cv/,experiments/real_data_spy/run_spy_purged_cv.py,narrative,medium,appendix
C145,warmup_experiments 120 experiments,supported,results/warmup_experiments/,warmup launcher,narrative,low,appendix
C146,compute_matched_controls 176 experiments,supported,results/compute_matched_controls/,scripts/run_revision_experiments.py,narrative,low,appendix
C147,lambda_j_ablation 51 experiments,supported,results/lambda_j_ablation/,scripts/run_revision_experiments.py,narrative,low,appendix
C148,gradnorm_fix 72 experiments,supported,results/gradnorm_fix/,gradnorm fix launcher,narrative,low,appendix
C149,tier5 extended + arch ablation 190 experiments,supported,results/tier5_extended_baselines/;results/tier5_arch_ablation/,tier5 launchers,narrative,low,appendix
C150,rMD17 uses 4x512 network for d>=36,supported,results/gnn_md17/,md17 launcher,narrative,low,main
C151,Synthetic corpus is ~17000 runs over 6 function families (revised abstract+intro),partial,results/tier1_benchmark/;results/tier2_benchmark/;results/tier3_benchmark/;results/tier4_benchmark/,run_full_benchmark.py,narrative,high,main
C152,Real-world domains add ~2500 runs across 4 domains (revised intro 2026-05-06),partial,results/spy_options_temporal_optionA/;results/spy_options_temporal_optionC/;results/spy_options_purged_cv_optionA/;results/spy_options_purged_cv_optionC/;results/molecular_painn/;results/molecular_mlp/;results/molecular_gatv2/;results/burgers/;results/darcy/;results/era5/;results/heston_barrier_4way/,various,narrative,high,main
C153,Eleven method-paradigm pairs evaluated (5 pathwise + 3 LRM + 2 fuzzy + vanilla zero-row),supported,results/unified_comparison/multi_seed/,experiments/unified_comparison/run_unified_experiment.py,tab:methods,medium,main
C154,Total compute ~1030 GPU-h breakdown 250h synth/230h rMD17/370h PDE/145h SPY/35h ERA5+extrap+ablations,unsupported,?,?,narrative,low,main
C155,Smooth zero-noise cells median ~13x value-MSE reduction,supported,results/tier1_benchmark/;results/tier2_benchmark/;results/tier3_benchmark/,run_full_benchmark.py,abstract,high,main
C156,DML reduces gradient MSE on 96.8% of synthetic configs at sigma=0,supported,results/tier1_benchmark/;results/tier2_benchmark/;results/tier3_benchmark/,run_full_benchmark.py,tab:winrate-function,high,main
C157,DML reduces value MSE on 66.7% of synthetic configs at sigma=0 (85.7% on smooth families),supported,results/tier1_benchmark/;results/tier2_benchmark/;results/tier3_benchmark/,run_full_benchmark.py,tab:winrate-function,high,main
C158,poly_trig win rate 100% grad / 97.7% value at sigma=0 (n=300),supported,results/tier1_benchmark/;results/tier2_benchmark/;results/tier3_benchmark/,run_full_benchmark.py,tab:winrate-function,medium,main
C159,trig win rate 97.1% grad / 59.6% value at sigma=0 (n=240),supported,results/tier1_benchmark/;results/tier2_benchmark/;results/tier3_benchmark/,run_full_benchmark.py,tab:winrate-function,medium,main
C160,bachelier win rate 99.5% grad / 97.6% value at sigma=0 (n=210),supported,results/tier1_benchmark/;results/tier2_benchmark/;results/tier3_benchmark/,run_full_benchmark.py,tab:winrate-function,medium,main
C161,black_scholes win rate 100% grad / 91.4% value at sigma=0 (n=35),supported,results/tier1_benchmark/;results/tier2_benchmark/;results/tier3_benchmark/,run_full_benchmark.py,tab:winrate-function,medium,main
C162,step win rate 99.6% grad / 11.7% value at sigma=0 (n=230),supported,results/tier1_benchmark/;results/tier2_benchmark/;results/tier3_benchmark/,run_full_benchmark.py,tab:winrate-function,medium,main
C163,heston win rate 28.6% grad / 0.0% value at sigma=0 (n=35),supported,results/tier1_benchmark/;results/tier2_benchmark/;results/tier3_benchmark/,run_full_benchmark.py,tab:winrate-function,medium,main
C164,poly_trig d=20 sigma=0 16x data-efficiency gain (value MSE 0.199 at n=256 vs vanilla 0.277 at n=4096),supported,results/tier3_benchmark/,run_full_benchmark.py --tier 3,narrative,medium,main
C165,sigma_star poly_trig 0.195 [0.163-0.259],supported,results/tier3_benchmark/;results/tier4_benchmark/,run_full_benchmark.py;sigma_star_lowess.py,tab:sigma-star,high,main
C166,sigma_star trig 0.098 [0.075-0.137],supported,results/tier3_benchmark/;results/tier4_benchmark/,run_full_benchmark.py;sigma_star_lowess.py,tab:sigma-star,high,main
C167,sigma_star bachelier undefined (DML wins at every observed sigma),supported,results/tier3_benchmark/;results/tier4_benchmark/,run_full_benchmark.py;sigma_star_lowess.py,tab:sigma-star,medium,main
C168,Friedman omnibus 12-method disc-payoff p=7.2e-5,supported,results/unified_comparison/multi_seed/,experiments/unified_comparison/run_unified_experiment.py;cd_diagram.py,fig:cd-disc,high,main
C169,Warmup-fuzzy ranks 1.8/12 on disc-payoff CD diagram,supported,results/unified_comparison/multi_seed/,experiments/unified_comparison/run_unified_experiment.py,fig:cd-disc,high,main
C170,Pathwise+GradNorm and pathwise+ReLoBRaLo tie at 11.2 mean rank on disc-payoff,supported,results/unified_comparison/multi_seed/,experiments/unified_comparison/run_unified_experiment.py,fig:cd-disc,medium,main
C171,Vanilla mean rank 5.8 on disc-payoff CD diagram,supported,results/unified_comparison/multi_seed/,experiments/unified_comparison/run_unified_experiment.py,fig:cd-disc,medium,main
C172,SPY DML cuts test value MSE 1.7-2.5x at both training sizes both supervisors,supported,results/spy_options_temporal_optionA/;results/spy_options_temporal_optionC/,experiments/real_data_spy/run_spy_temporal.py,tab:spy-bs-temporal,high,main
C173,SPY temporal n_train=10000 BS-target vanilla 1.7e-8 to DML fixed 6.8e-9,supported,results/spy_options_temporal_optionA/,experiments/real_data_spy/run_spy_temporal.py,tab:spy-bs-temporal,high,main
C174,SPY temporal n_train=50000 BS-target vanilla 9.9e-10 to DML fixed 5.9e-10,supported,results/spy_options_temporal_optionA/,experiments/real_data_spy/run_spy_temporal.py,tab:spy-bs-temporal,medium,main
C175,SPY purged-CV uses 1200 cells (300 per supervisor x 2 supervisors),supported,results/spy_options_purged_cv_optionA/;results/spy_options_purged_cv_optionC/,experiments/real_data_spy/run_spy_purged_cv.py,tab:headline,medium,main
C176,SPY data 1576419 tuples over 758 trading days,supported,results/spy_options_temporal_optionA/;results/spy_options_temporal_optionC/,experiments/real_data_spy/run_spy_temporal.py,narrative,low,main
C177,SVI calibration accepts 23335/23336 slices median IV residual 0.016,supported,results/spy_options_temporal_optionC/,scripts/run_spy_svi.py,narrative,low,main
C178,rMD17 aspirin DML reduces force MAE 25-40x over vanilla baseline 725.3 to 17.9-28.8 meV/A,supported,results/molecular_painn/,experiments/molecular/run_painn.py,tab:rmd17-aspirin,high,main
C179,SchNetPack native_EF (0.01/0.99) ranks 1/6 on every PaiNN molecule (Friedman p=4.8e-9),supported,results/molecular_painn/,experiments/molecular/run_painn.py;cd_diagram.py,fig:rmd17-force-mae;fig:cd-rmd17,high,main
C180,Burgers IC dml_fixed_half cuts vanilla value MSE 6x (4.9e-1 to 8.2e-2),supported,results/burgers/ic/,scripts/run_burgers_experiment.py,fig:pde-bare-ic,high,main
C181,Darcy IC dml_fixed_half cuts vanilla value MSE ~30% (1.4e-3 to 9.4e-4),supported,results/darcy/ic/,scripts/run_darcy_experiment.py,fig:pde-bare-ic,medium,main
C182,PDE bare regime TOST-equivalent across all six methods at log10(1.05) margin,supported,results/burgers/bare/;results/darcy/bare/,run_burgers_experiment.py;run_darcy_experiment.py,tab:pde-bare-perm,medium,main
C183,Burgers bare value MSE ~3.418e-1 across all 6 methods (n=20 seeds),supported,results/burgers/bare/,scripts/run_burgers_experiment.py,tab:pde-bare-perm,low,main
C184,Darcy bare value MSE ~1.3-1.5e-2 across all 6 methods (n=20 seeds),supported,results/darcy/bare/,scripts/run_darcy_experiment.py,tab:pde-bare-perm,low,main
C185,ERA5 bare DML reduces grad MSE ~10% at value-MSE parity Wilcoxon p<0.01,supported,results/era5/bare/,scripts/run_era5_experiment.py,tab:era5-bare-state,high,main
C186,ERA5 state-aug pays +10-19% value MSE for -30% grad-MSE win,supported,results/era5/state/,scripts/run_era5_experiment.py,tab:era5-bare-state,high,main
C187,ERA5 geostrophic wind MAE in synoptic range 5.5-6.8 m/s,supported,results/era5/bare/;results/era5/state/,scripts/run_era5_experiment.py,tab:era5-bare-state,medium,main
C188,ERA5 6x512 architecture sweep reproduces Pareto sign at every cell,supported,results/era5/bare/;results/era5/state/,scripts/run_era5_experiment.py,tab:era5-arch-sensitivity,medium,appendix
C189,Heston barrier narrow [0.7K-1.3K] dml_fuzzy_warmup price MSE 0.23e-5 vs vanilla 2.10e-5 (9x),supported,results/heston_barrier_4way/multi_seed/,experiments/heston_barrier_4way/,tab:heston-barrier-multi-seed,high,main
C190,Heston barrier narrow quintic polynomial in S0 fits 0.016e-5 (loses to none on price),supported,results/heston_barrier_4way/v0_extension/polynomial_2d_baselines.json,experiments/heston_barrier_4way/,tab:heston-barrier-multi-seed,high,main
C191,Heston barrier wide [0.5K-1.5K] vanilla delta MSE 2.43e-3 quintic 1.67e-3,supported,results/heston_barrier_4way/multi_seed_widerange/,experiments/heston_barrier_4way/,tab:heston-barrier-multi-seed,high,main
C192,Heston barrier wide best DML beats quintic delta MSE by 0.11x ratio,supported,results/heston_barrier_4way/multi_seed_widerange/,experiments/heston_barrier_4way/,tab:heston-barrier-multi-seed,high,main
C193,BEL-2D multi-step LRM derived for Heston (chen2007malliavin extension),supported,results/heston_barrier_4way/multi_seed/,experiments/heston_barrier_4way/,app:heston-lrm-bel2d,medium,appendix
C194,Heston barrier multi-seed 5 seeds x 12 methods (60+ JSONs) per spot range,supported,results/heston_barrier_4way/multi_seed/;results/heston_barrier_4way/multi_seed_widerange/,experiments/heston_barrier_4way/run_multi_seed.py,tab:heston-barrier-multi-seed,medium,appendix
C195,BS barrier multi-step n-sweep n in {2 4 8 16} 5 seeds per (method n),supported,results/heston_barrier_4way/bs_n_sweep/,experiments/heston_barrier_4way/run_bs_n_sweep.py,tab:bs-n-sweep,medium,appendix
C196,BS barrier dml_fuzzy_warmup is best at every n improving from 0.112 (n=2) to 0.316 (n=16),supported,results/heston_barrier_4way/bs_n_sweep/,experiments/heston_barrier_4way/run_bs_n_sweep.py,tab:bs-n-sweep,medium,appendix
C197,BS barrier quintic poly fit ratio 7.3x to 37x to 17x to 5.9x relative to best DML at n=2/4/8/16,supported,results/heston_barrier_4way/bs_n_sweep/n_sweep_summary.json,experiments/heston_barrier_4way/run_bs_n_sweep.py,tab:bs-n-sweep,medium,appendix
C198,Pathwise+warmup degrades 8x at n=2 to 167x at n=16 missing Dirac per monitor,supported,results/heston_barrier_4way/bs_n_sweep/,experiments/heston_barrier_4way/run_bs_n_sweep.py,tab:bs-n-sweep,low,appendix
C199,Heston V0 extension experiment 5 seeds x 4 methods,supported,results/heston_barrier_4way/v0_extension/,experiments/heston_barrier_4way/run_v0_extension.py,narrative,low,appendix
C200,Trig extrapolation arch axis 4 architectures x 18 sigmas x 5 seeds (~360 cells),supported,results/extrapolation_M1/,experiments/extrapolation/pilot_periodic_extrap.py,tab:arch-sigma-star,high,appendix
C201,SIREN near-extrap sigma_star 1.157 mean log-ratio -0.20 at sigma=0,supported,results/extrapolation_M1/sigma_star_summary.csv,experiments/extrapolation/pilot_periodic_extrap.py,tab:arch-sigma-star,high,appendix
C202,Softplus near-extrap left-censored sigma_star=0 mean log-ratio +0.17 at sigma=0,supported,results/extrapolation_M1/sigma_star_summary.csv,experiments/extrapolation/pilot_periodic_extrap.py,tab:arch-sigma-star,medium,appendix
C203,Snake near-extrap left-censored sigma_star=0 mean log-ratio +0.86 at sigma=0,supported,results/extrapolation_M1/sigma_star_summary.csv,experiments/extrapolation/pilot_periodic_extrap.py,tab:arch-sigma-star,medium,appendix
C204,Fourier-linear sigma_star 0.518 across all three regions to 3 decimal places,supported,results/extrapolation_M1/sigma_star_summary.csv,experiments/extrapolation/pilot_periodic_extrap.py,tab:arch-sigma-star,high,appendix
C205,Geometry-axis grid 360 cells (2 funcs x 3 dims x 2 ntrains x 2 modes x 3 methods x 5 seeds),supported,results/extrapolation_M2/,experiments/extrapolation/aggregate_m2.py,tab:geom-delta-pct,medium,appendix
C206,trig d=10 n=2048 halfspace +688% vs vanilla,supported,results/extrapolation_M2/m2_delta_pct.csv,experiments/extrapolation/aggregate_m2.py,tab:geom-delta-pct,high,main
C207,trig d=5 n=512 halfspace +542% vs vanilla,supported,results/extrapolation_M2/m2_delta_pct.csv,experiments/extrapolation/aggregate_m2.py,tab:geom-delta-pct,medium,main
C208,poly_trig under halfspace 9.9-68% DML benefit retained,supported,results/extrapolation_M2/m2_delta_pct.csv,experiments/extrapolation/aggregate_m2.py,tab:geom-delta-pct,medium,main
C209,Radial extrapolation reduces value MSE 50-98% on every (d ntrain) pair,supported,results/extrapolation_M2/m2_delta_pct.csv,experiments/extrapolation/aggregate_m2.py,tab:geom-delta-pct,medium,appendix
C210,SIREN OOS-grad augmentation closes near- and far-extrap gap,supported,results/extrapolation_M1_DA/,experiments/extrapolation/domain_adapt.py,tab:oos-grad-augment,medium,appendix
C211,OOS-augment near-extrap sigma_star 1.16->3.00* (right-censored),supported,results/extrapolation_M1_DA/,experiments/extrapolation/domain_adapt.py,tab:oos-grad-augment,medium,appendix
C212,OOS-augment far-extrap sigma_star 0.007->0.98 substantial improvement,supported,results/extrapolation_M1_DA/,experiments/extrapolation/domain_adapt.py,tab:oos-grad-augment,medium,appendix
C213,Closed-form Fourier-linear sigma_star = 11.83 sigma_y at K=5 lambda=1,supported,results/closed_form_a1_a2/a1b_K5.csv,experiments/closed_form_solver.py,tab:closed-form-verification;thm:sigma-star-fourier,high,main
C214,Closed-form Fourier-linear sigma_star = 6.44 sigma_y at K=1 lambda=1,supported,results/closed_form_a1_a2/a1a_K1.csv,experiments/closed_form_solver.py,tab:closed-form-verification,medium,appendix
C215,Closed-form solver matches MC 1.183 vs 1.146 (-3.1%) at N=500 4000 trials,supported,results/closed_form_a1_a2/a1b_K5.csv,experiments/closed_form_solver.py,tab:closed-form-verification,medium,main
C216,Aliasing example K=5 K'=7 N=24 derivative inner product 1380x value inner product,supported,results/closed_form_a1_a2/a2_aliasing.json,experiments/closed_form_solver.py,narrative,low,appendix
C217,Higher-order DML order 0/1/2 ablation on poly_trig and trig at d in {2 5 10},partial,results/higher_order_dml/ (missing-source),experiments/higher_order_dml.py,tab:higher-order-dml,medium,appendix
C218,Higher-order DML poly_trig d=2 order 2 reaches 3.3e-8 (best),partial,results/higher_order_dml/ (missing-source),experiments/higher_order_dml.py,tab:higher-order-dml,medium,appendix
C219,Higher-order DML adds 1.2-17x reduction on poly_trig with Hessian,partial,results/higher_order_dml/ (missing-source),experiments/higher_order_dml.py,tab:higher-order-dml,medium,appendix
C220,Higher-order DML K=2 wall-clock 3-7x of K=1,partial,results/higher_order_dml/ (missing-source),experiments/higher_order_dml.py,narrative,low,appendix
C221,rMD17 tau-sweep 15 PaiNN runs (3 taus x 5 seeds) on aspirin,supported,results/rmd17_tau_sweep/,experiments/molecular/run_painn.py,tab:rmd17-tau-sweep;fig:rmd17-tau-sensitivity,high,main
C222,rMD17 tau=0.10 PaiNN aspirin force MAE 74.1+-21.1 (best),supported,results/rmd17_tau_sweep/,experiments/molecular/run_painn.py,tab:rmd17-tau-sweep,high,main
C223,rMD17 tau=0.50 PaiNN aspirin 713.2+-46.1 (regress to vanilla),supported,results/rmd17_tau_sweep/,experiments/molecular/run_painn.py,tab:rmd17-tau-sweep,high,main
C224,rMD17 reducing tau from 0.5 to 0.1 recovers 9.6x in force-MAE quality,supported,results/rmd17_tau_sweep/,experiments/molecular/run_painn.py,tab:rmd17-tau-sweep,medium,main
C225,SPY warmup loses 60-79% to vanilla on temporal split,supported,results/spy_options_temporal_optionA/;results/spy_options_temporal_optionC/,experiments/real_data_spy/run_spy_temporal.py,narrative,medium,main
C226,Warmup-as-noise-curriculum mechanism: phase1 insulates price branch from noisy gradient labels,partial,results/heston_barrier_4way/noise_curriculum/;results/spy_options_temporal_*/;results/molecular_painn/,various,narrative,high,main
C227,Heston barrier label-noise sweep sigma in {0 0.1 0.5 1.0} gives ratios 1.31/1.28/0.38/0.23,supported,results/heston_barrier_4way/noise_curriculum/,experiments/heston_barrier_4way/run_noise_curriculum.py,narrative,medium,main
C228,Domain-coverage matrix 6 domains x 6 difficulty axes (Smooth Disc MC OOS HighDim Real),supported,paper/sections/03_benchmark_design.tex,n/a (paper claim),tab:domain-coverage,high,main
C229,SPY synthetic 13000 runs subset under sigma=0 cells,partial,results/tier3_benchmark/;results/tier4_benchmark/,run_full_benchmark.py,tab:headline,high,main
C230,Disc-payoff sub-benchmark 660 runs,supported,results/unified_comparison/multi_seed/,experiments/unified_comparison/run_unified_experiment.py,tab:headline,medium,main
C231,Heston barrier extension 120 runs total,supported,results/heston_barrier_4way/multi_seed/;results/heston_barrier_4way/multi_seed_widerange/,experiments/heston_barrier_4way/,tab:headline,medium,main
C232,rMD17 250 runs across 3 architectures (10 mol x 5 split x 5 methods),supported,results/molecular_painn/;results/molecular_mlp/;results/molecular_gatv2/,experiments/molecular/,tab:headline,medium,main
C233,PDE Burgers/Darcy IC 240 runs (2 datasets x 6 methods x 20 seeds),supported,results/burgers/ic/;results/darcy/ic/,scripts/run_burgers_experiment.py;scripts/run_darcy_experiment.py,tab:headline,medium,main
C234,ERA5 60 runs (2 archs x 5 seeds x 2 regimes x 3 methods),supported,results/era5/bare/;results/era5/state/,scripts/run_era5_experiment.py,tab:headline,medium,main
C235,Trig extrapolation 1500 runs (M1 + M2 combined),supported,results/extrapolation_M1/;results/extrapolation_M2/,experiments/extrapolation/,tab:headline,medium,main
C236,Heston barrier label-noise warmup-as-curriculum confirms negative-control sigma=0 ratio 1.31 (DML hurt),supported,results/heston_barrier_4way/noise_curriculum/,experiments/heston_barrier_4way/run_noise_curriculum.py,narrative,medium,main
C237,Far-extrapolation defeats every neural architecture (no positive sigma_star at any tested noise),supported,results/extrapolation_M1/sigma_star_summary.csv,experiments/extrapolation/pilot_periodic_extrap.py,tab:arch-sigma-star,medium,main
C238,Polynomial-in-spot baseline missing from prior DML benchmarks (huge2020/glasserman2025/sakuma20260dte),unsupported,?,?,narrative,low,main
C239,SPY Wilcoxon p<=0.002 across DML methods on temporal,supported,results/spy_options_temporal_optionA/,experiments/real_data_spy/run_spy_temporal.py,tab:spy-bs-temporal,medium,appendix
C240,SPY purged-CV BS-target fixed-lambda DML deltas {-69 -44 -48 -39 +2879}% across folds 0-4,supported,results/spy_options_purged_cv_optionA/,experiments/real_data_spy/run_spy_purged_cv.py,fig:spy-purged-cv-per-fold,medium,appendix
C241,SPY purged-CV SVI-supervised fixed-lambda DML deltas {-70 -37 -53 -22 +47}%,supported,results/spy_options_purged_cv_optionC/,experiments/real_data_spy/run_spy_purged_cv.py,fig:spy-purged-cv-per-fold,medium,appendix
C242,Classical baselines matched 64% train DML wins 50% vs GP,supported,results/classical_matched_split/,scripts/run_classical_matched_split.py,narrative,medium,appendix
C243,Classical baselines matched 64% train DML wins 83.6% vs KRR (n=225),supported,results/classical_matched_split/,scripts/run_classical_matched_split.py,narrative,medium,appendix
C244,Classical baselines matched 64% train DML wins 74.7% vs RF (n=225),supported,results/classical_matched_split/,scripts/run_classical_matched_split.py,narrative,medium,appendix
C245,Classical matched-split corpus 990 cells,supported,results/classical_matched_split/,scripts/run_classical_matched_split.py,narrative,low,appendix
C246,Aggregate paired log10 ratio fixed-lambda DML vs vanilla -0.556 value -1.069 grad at sigma=0 (n=1050),supported,results/tier3_benchmark/;results/tier4_benchmark/,run_full_benchmark.py;winrate_two_metric.py,narrative,medium,appendix
C247,LOFO sign preserved on every variant largest shift when poly_trig removed,supported,results/tier3_benchmark/;results/tier4_benchmark/,run_full_benchmark.py;winrate_two_metric.py,narrative,medium,appendix
C248,Single-cell sensitivity removing top-5 outliers shifts R1 by <=0.001 value <=0.0005 grad,supported,results/tier3_benchmark/;results/tier4_benchmark/,run_full_benchmark.py;winrate_two_metric.py,narrative,low,appendix
C249,P6 corruption sweep 750 cells (5 corruptions x 5 severities x 3 methods x 5 seeds x 5 cells/severity),supported,results/p6_corruption/ (missing-source),scripts/run_p6_corruption.py,tab:p6-corruption,medium,appendix
C250,P7 fuzzy-2D bandwidth sweep on 2D barrier-BS 105 cells,supported,results/p7_fuzzy_2d/,scripts/run_fuzzy_sensitivity.py,app:supplemental-fuzzy,low,appendix
C251,P8 SPY proxy-label stress sweep 400 cells (6 sigmas x methods x seeds),supported,results/p8_spy_proxy_stress/,scripts/run_p8_spy_proxy_stress.py,app:supplemental-p8,low,appendix
C252,P9 dim-normalised GradNorm null result 75 cells (5 dims x 5 seeds x 3 methods),supported,results/p9_dimnorm_gradnorm/,scripts/run_p9_dimnorm.py,app:supplemental-p9,low,appendix
C253,Balancer-sensitivity grid synth 280 cells (GradNorm alpha + ReLoBRaLo tau on 4 datasets),supported,results/balancer_sensitivity/,scripts/run_balancer_sensitivity.py,tab:gradnorm-relobralo-sens,medium,appendix
C254,ReLoBRaLo synthetic value MSE monotone in tau 2.97 3.00 3.27 3.30 at tau 0.1/0.25/0.5/1.0,supported,results/balancer_sensitivity/synthetic/,scripts/run_balancer_sensitivity.py,tab:gradnorm-relobralo-sens,low,appendix
C255,GradNorm Burgers IC degrades sharply at alpha=2.0 (0.52+-0.74 vs 0.23 at alpha=1),supported,results/balancer_sensitivity/burgers_ic/,scripts/run_balancer_sensitivity.py,tab:gradnorm-relobralo-sens,low,appendix
C256,dml_softmax_balance vs dml_relobralo synth tied (+0.009 value +0.014 grad median paired log-ratio),supported,results/molecular_gatv2/;results/molecular_mlp/,various,tab:softmax-balance-comparison,medium,appendix
C257,dml_softmax_balance wins all 50/50 cells on rMD17 GATv2 with -0.605 median paired log-ratio (4x MSE reduction),supported,results/molecular_gatv2/,experiments/molecular/run_gatv2.py,tab:softmax-balance-comparison,medium,appendix
C258,SPY 6 methods x 5 folds x 10 seeds x 2 sample sizes per supervisor (300 cells each),supported,results/spy_options_purged_cv_optionA/;results/spy_options_purged_cv_optionC/,experiments/real_data_spy/run_spy_purged_cv.py,fig:spy-purged-cv-per-fold,medium,appendix
C259,rMD17 PaiNN 350 result records (10 mol x 5 split x 7 methods),supported,results/molecular_painn/,experiments/molecular/run_painn.py,tab:rmd17-by-molecule,medium,appendix
C260,rMD17 cross-arch GATv2 best DML fixed_half 114.4+-38 meV/A,supported,results/molecular_gatv2/,experiments/molecular/run_gatv2.py,tab:rmd17-cross-arch,medium,appendix
C261,rMD17 cross-arch MLP-pairwise best DML fixed 220.3+-168 Cart MSE,supported,results/molecular_mlp/,experiments/molecular/run_mlp_molecular.py,tab:rmd17-cross-arch,medium,appendix
C262,rMD17 cross-arch GATv2 vanilla 692.0+-177 meV/A,supported,results/molecular_gatv2/,experiments/molecular/run_gatv2.py,tab:rmd17-cross-arch,medium,appendix
C263,rMD17 PaiNN vanilla force MAE per-molecule range 65 (benzene) to 725.3 (aspirin),supported,results/molecular_painn/,experiments/molecular/run_painn.py,tab:rmd17-by-molecule,medium,appendix
C264,rMD17 PaiNN native_EF per-molecule range 3.3-21.2 meV/A,supported,results/molecular_painn/,experiments/molecular/run_painn.py,tab:rmd17-by-molecule,medium,appendix
C265,Heston narrow vanilla price MSE 2.10e-5+-1.60 (n=5 seeds),supported,results/heston_barrier_4way/multi_seed/,experiments/heston_barrier_4way/run_multi_seed.py,tab:heston-barrier-multi-seed,medium,appendix
C266,Heston narrow dml_lrm_fixed price MSE 33.7e-5+-8.9 (LRM variance penalty),supported,results/heston_barrier_4way/multi_seed/,experiments/heston_barrier_4way/run_multi_seed.py,tab:heston-barrier-multi-seed,medium,appendix
C267,Heston multistep BEL-2D dml_lrm_multistep_warmup 1.39e-5+-0.81 narrow price,supported,results/heston_barrier_4way/multi_seed/,experiments/heston_barrier_4way/run_multi_seed.py,tab:heston-barrier-multi-seed,medium,appendix
C268,SPY temporal SVI-supervised n_train=10000 vanilla 1.2e-8 dml_fixed 1.2e-8 (within seed dispersion),supported,results/spy_options_temporal_optionC/,experiments/real_data_spy/run_spy_temporal.py,tab:spy-svi-temporal,medium,appendix
C269,SPY temporal SVI-supervised n_train=50000 vanilla 6.4e-10 to dml_fixed 2.7e-10,supported,results/spy_options_temporal_optionC/,experiments/real_data_spy/run_spy_temporal.py,tab:spy-svi-temporal,medium,appendix
C270,Heston eps_sweep_fuzzy 25 cells fuzzy bandwidth ablation,supported,results/heston_barrier_4way/eps_sweep_fuzzy/,experiments/heston_barrier_4way/run_eps_sweep_fuzzy.py,narrative,low,appendix
C271,Heston cg_variance_check 40 cells LRM nstep variance,supported,results/heston_barrier_4way/cg_variance_check/,experiments/heston_barrier_4way/run_cg_variance.py,narrative,low,appendix
C272,Heston gk_replication 21 cells Glasserman-Kou replication,supported,results/heston_barrier_4way/gk_replication/,experiments/heston_barrier_4way/run_gk_replication.py,narrative,low,appendix
C273,Heston bs_reproduction 20 cells BS Heston-form reproduction,supported,results/heston_barrier_4way/bs_reproduction/,experiments/heston_barrier_4way/run_bs_reproduction.py,narrative,low,appendix
C274,Released JSON corpus regenerates every table without retraining,supported,results/,evidence/ aggregators,narrative,low,main
C275,Wall-clock breakdown synthetic ~250 GPU-h rMD17 ~230h PDE ~370h SPY ~145h ERA5+extrap+ablations ~35h,unsupported,?,?,narrative,low,main
